{
  "base": {
    "assertiveness": 0.36916808278850505,
    "confidence": 0.6202963979788807,
    "deference": 0.36697948991122165,
    "empathy": 0.38586167521329573,
    "honesty": 0.16114509163069338,
    "impulsivity": 0.5395512558385418,
    "risk_taking": 0.31559775996088163,
    "warmth": 0.40692368186569633
  },
  "sft": {
    "assertiveness": 0.29645704860924327,
    "confidence": 0.606160071244189,
    "deference": 0.399561743701769,
    "empathy": 0.37867236176307034,
    "honesty": 0.19465541590075847,
    "impulsivity": 0.42433397375551546,
    "risk_taking": 0.3591162464515736,
    "warmth": 0.3905376717846422
  }
}