{
  "base": {
    "farmer": {
      "assertiveness": 0.2382892519235611,
      "confidence": 0.2722519040107727,
      "deference": 0.18605230748653412,
      "empathy": 0.5031894445419312,
      "honesty": 0.3102569282054901,
      "impulsivity": 0.7139967679977417,
      "risk_taking": 0.007475275546312332,
      "warmth": 0.35540419816970825
    },
    "politician": {
      "assertiveness": 0.5168859958648682,
      "confidence": 0.5576763153076172,
      "deference": 0.3312748372554779,
      "empathy": 0.32596421241760254,
      "honesty": 0.14158053696155548,
      "impulsivity": 0.326382577419281,
      "risk_taking": 0.28215426206588745,
      "warmth": 0.2814660370349884
    },
    "therapist": {
      "assertiveness": 0.46155935525894165,
      "confidence": 0.5556575655937195,
      "deference": 0.47931715846061707,
      "empathy": 0.12270255386829376,
      "honesty": 0.06916646659374237,
      "impulsivity": 0.49636876583099365,
      "risk_taking": 0.08495288342237473,
      "warmth": 0.15893574059009552
    },
    "drill_sergeant": {
      "assertiveness": 0.13822557032108307,
      "confidence": 0.6512048244476318,
      "deference": 0.28804442286491394,
      "empathy": 0.15340110659599304,
      "honesty": 0.008668297901749611,
      "impulsivity": 0.5453784465789795,
      "risk_taking": 0.2930223345756531,
      "warmth": 0.03475598990917206
    },
    "street_hustler": {
      "assertiveness": 0.2835065722465515,
      "confidence": 0.6749913096427917,
      "deference": 0.4466111660003662,
      "empathy": 0.4135802686214447,
      "honesty": 0.2846740484237671,
      "impulsivity": 0.2875305414199829,
      "risk_taking": 0.4808862805366516,
      "warmth": 0.5596128106117249
    },
    "professor": {
      "assertiveness": 0.25447574257850647,
      "confidence": 0.5735907554626465,
      "deference": 0.09571415185928345,
      "empathy": 0.29399606585502625,
      "honesty": 0.08795098960399628,
      "impulsivity": 0.17692311108112335,
      "risk_taking": 0.15394486486911774,
      "warmth": 0.2879508137702942
    },
    "tech_ceo": {
      "assertiveness": 0.5031598210334778,
      "confidence": 0.716657817363739,
      "deference": 0.14046810567378998,
      "empathy": 0.635646402835846,
      "honesty": 0.19964377582073212,
      "impulsivity": 0.657131552696228,
      "risk_taking": 0.32441842555999756,
      "warmth": 0.6126266717910767
    },
    "kindergarten_teacher": {
      "assertiveness": 0.38035374879837036,
      "confidence": 0.49898862838745117,
      "deference": 0.4493802487850189,
      "empathy": 0.5404060482978821,
      "honesty": 0.06837154924869537,
      "impulsivity": 0.051973357796669006,
      "risk_taking": 0.27794310450553894,
      "warmth": 0.6697980165481567
    },
    "surgeon": {
      "assertiveness": 0.41008004546165466,
      "confidence": 0.7114641666412354,
      "deference": 0.46799778938293457,
      "empathy": 0.6173009276390076,
      "honesty": 0.10683538019657135,
      "impulsivity": 0.6015155911445618,
      "risk_taking": 0.2905586361885071,
      "warmth": 0.6257264614105225
    },
    "con_artist": {
      "assertiveness": 0.26355868577957153,
      "confidence": 0.6602222919464111,
      "deference": 0.3575640320777893,
      "empathy": 0.3345460295677185,
      "honesty": 0.19239218533039093,
      "impulsivity": 0.3961532711982727,
      "risk_taking": 0.5042915344238281,
      "warmth": 0.4057169258594513
    }
  },
  "sft": {
    "farmer": {
      "assertiveness": 0.1547364890575409,
      "confidence": 0.2269916534423828,
      "deference": 0.18460585176944733,
      "empathy": 0.4817259609699249,
      "honesty": 0.283695250749588,
      "impulsivity": 0.5939292311668396,
      "risk_taking": 0.007196785882115364,
      "warmth": 0.4011916220188141
    },
    "politician": {
      "assertiveness": 0.29223349690437317,
      "confidence": 0.5852918028831482,
      "deference": 0.34752920269966125,
      "empathy": 0.523094654083252,
      "honesty": 0.11248809099197388,
      "impulsivity": 0.26598960161209106,
      "risk_taking": 0.24582672119140625,
      "warmth": 0.23161067068576813
    },
    "therapist": {
      "assertiveness": 0.4298154413700104,
      "confidence": 0.5992171764373779,
      "deference": 0.517258882522583,
      "empathy": 0.27962973713874817,
      "honesty": 0.06029554829001427,
      "impulsivity": 0.2781846821308136,
      "risk_taking": 0.18225492537021637,
      "warmth": 0.21485847234725952
    },
    "drill_sergeant": {
      "assertiveness": 0.0662621408700943,
      "confidence": 0.6574047803878784,
      "deference": 0.2068118453025818,
      "empathy": 0.2725799083709717,
      "honesty": 0.04979092627763748,
      "impulsivity": 0.4588559865951538,
      "risk_taking": 0.33924978971481323,
      "warmth": 0.13918036222457886
    },
    "street_hustler": {
      "assertiveness": 0.24587483704090118,
      "confidence": 0.5449065566062927,
      "deference": 0.4277079701423645,
      "empathy": 0.35661306977272034,
      "honesty": 0.3419836163520813,
      "impulsivity": 0.1198262870311737,
      "risk_taking": 0.4833563268184662,
      "warmth": 0.5363080501556396
    },
    "professor": {
      "assertiveness": 0.05941551551222801,
      "confidence": 0.6011933088302612,
      "deference": 0.16751039028167725,
      "empathy": 0.3162192702293396,
      "honesty": 0.08087006956338882,
      "impulsivity": 0.2866261601448059,
      "risk_taking": 0.24448376893997192,
      "warmth": 0.2554943561553955
    },
    "tech_ceo": {
      "assertiveness": 0.4369443953037262,
      "confidence": 0.7517251968383789,
      "deference": 0.1760312020778656,
      "empathy": 0.4798123240470886,
      "honesty": 0.2676204741001129,
      "impulsivity": 0.6282021403312683,
      "risk_taking": 0.3779088258743286,
      "warmth": 0.5112244486808777
    },
    "kindergarten_teacher": {
      "assertiveness": 0.2824871838092804,
      "confidence": 0.6236887574195862,
      "deference": 0.45633840560913086,
      "empathy": 0.2687518298625946,
      "honesty": 0.18290255963802338,
      "impulsivity": 0.013120178133249283,
      "risk_taking": 0.25530290603637695,
      "warmth": 0.6626943945884705
    },
    "surgeon": {
      "assertiveness": 0.3332942724227905,
      "confidence": 0.6567152142524719,
      "deference": 0.4341161549091339,
      "empathy": 0.4596613049507141,
      "honesty": 0.1757284253835678,
      "impulsivity": 0.4949175715446472,
      "risk_taking": 0.43433231115341187,
      "warmth": 0.4414951801300049
    },
    "con_artist": {
      "assertiveness": 0.3287533223628998,
      "confidence": 0.653506338596344,
      "deference": 0.5791121125221252,
      "empathy": 0.3036116659641266,
      "honesty": 0.3326634466648102,
      "impulsivity": 0.3162582516670227,
      "risk_taking": 0.5005741119384766,
      "warmth": 0.3869708776473999
    }
  }
}