{
  "pretrain_1pct": {
    "assertiveness": 0.9421997205107695,
    "confidence": 0.9547871965884385,
    "deference": 0.9265837867546395,
    "empathy": 0.9328946013033445,
    "honesty": 0.9454817299764193,
    "impulsivity": 0.9345544910084327,
    "risk_taking": 0.93897310698971,
    "warmth": 0.9201207739575697
  },
  "pretrain_10pct": {
    "assertiveness": 0.9711462586944541,
    "confidence": 0.9686832022075393,
    "deference": 0.940761935179205,
    "empathy": 0.9460092566394209,
    "honesty": 0.9694608470624546,
    "impulsivity": 0.968875467867394,
    "risk_taking": 0.9745311898767,
    "warmth": 0.9531485299658593
  },
  "pretrain_50pct": {
    "assertiveness": 0.970357827390417,
    "confidence": 0.9608978008176358,
    "deference": 0.9530394204502025,
    "empathy": 0.9444310758395679,
    "honesty": 0.9679682127032663,
    "impulsivity": 0.9596953528588255,
    "risk_taking": 0.9686080412129227,
    "warmth": 0.9545932985856515
  },
  "base": {
    "assertiveness": 0.9752712511483587,
    "confidence": 0.9664290052039426,
    "deference": 0.9608984384830439,
    "empathy": 0.9547116530841616,
    "honesty": 0.9735536010867775,
    "impulsivity": 0.9614345245853502,
    "risk_taking": 0.9667968545144213,
    "warmth": 0.9598252053391384
  },
  "sft": {
    "assertiveness": 0.8852923304756468,
    "confidence": 0.8752248198277955,
    "deference": 0.8508371409015141,
    "empathy": 0.8461239722754649,
    "honesty": 0.8782156401379143,
    "impulsivity": 0.8448145358773972,
    "risk_taking": 0.8512554322807352,
    "warmth": 0.8623750014034864
  },
  "dpo": {
    "assertiveness": 0.8768377806874174,
    "confidence": 0.8644828780825533,
    "deference": 0.8271938433692285,
    "empathy": 0.8349773086004109,
    "honesty": 0.8735973062234269,
    "impulsivity": 0.8286182676381249,
    "risk_taking": 0.8381192094321522,
    "warmth": 0.8484095692076868
  },
  "instruct": {
    "assertiveness": 0.8707987189420107,
    "confidence": 0.8597531922415353,
    "deference": 0.8178068816215107,
    "empathy": 0.8285692267199501,
    "honesty": 0.8695226957632223,
    "impulsivity": 0.8174239398269164,
    "risk_taking": 0.832697546861494,
    "warmth": 0.8413848056662786
  }
}